<?xml version="1.0" encoding="UTF-8" standalone="yes"?>
<addon id="plugin.video.phantom"
       name="Phantom"
       version="2019.03.29"
       provider-name="Phantom">
  <requires>
    <import addon="xbmc.python" version="2.1.0"/>
    <import addon="script.module.simplejson" version="2.0.10" />
    <import addon="script.common.plugin.cache" version="2.5.5"/>

  </requires>
  <extension point="xbmc.python.pluginsource"
            library="default.py">
        <provides>video</provides>
  </extension>
  <extension point="xbmc.addon.metadata">
    <summary>Wtyczka PHANTOM</summary>
    <description>Wtyczka pozwala ogladac filmy ze strony CDA.pl[CR][CR][COLOR blue] Facebook:[/COLOR] Phantom KODI</description>
    <platform>all</platform>
  </extension>
</addon>
