<?xml version="1.0" encoding="UTF-8"?>
<addon id="plugin.video.anime-odcinki"
version="2019.12.18.1"
name="Anime-Odcinki"
provider-name="-">
<requires>
  <import addon="xbmc.python" version="2.25.0"/>
  <import addon="script.module.ptw" />
  <import addon="script.module.resolveurl" />
  <import addon="script.module.future"/>
</requires>
<extension point="xbmc.python.pluginsource" library="main.py">
  <provides>video</provides>
</extension>
<extension point="xbmc.addon.metadata">
  <summary lang="en">Anime-Odcinki Plugin Wideo</summary>
  <description lang="en_GB">Plugin z anime</description>
  <disclaimer lang="en_GB">Wszelkie treści multimedialne są własnością Anime-Odcinki.pl. Wtyczka tworzona na potrzeby prywatne.</disclaimer>
  <assets>
    <icon>icon.png</icon>
    <fanart>fanart.jpg</fanart>
  </assets>
  <news>fix</news>
</extension>
</addon>