<?xml version="1.0" encoding="UTF-8"?>
<addon id="plugin.video.sport365.live" name="Sport 365 Live" version="2.4" provider-name="Proximus">
    <requires>
        <import addon="xbmc.python" version="2.1.0"/>
        <import addon="script.module.requests"/>
    </requires>
    <extension point="xbmc.python.pluginsource" library="main.py">
        <provides>video</provides>
    </extension>
  <extension point="xbmc.addon.metadata">
    <summary lang="en">Sport 365 Live</summary>
    <description lang="en"></description>
    <disclaimer lang="en"> Wszystkie treści multimedialne są własnością strony sport365.live!</disclaimer>
    <language></language>
    <platform></platform>
    <license>GNU GENERAL PUBLIC LICENSE. Version 2, June 1991</license>
    <forum></forum>
    <website></website>
    <email></email>
  <assets>
    <icon>icon.png</icon>
    <fanart>fanart.jpg</fanart>
  </assets>
  <news>
  </news>    
  </extension>
</addon>