<?xml version="1.0" encoding="UTF-8" standalone="yes"?>
<addon id="repository.phantom" name="Phantom repository" version="2018.08.28" provider-name="Phantom">
	<extension point="xbmc.addon.repository" name="Phantom Repository">
		<dir>
            <info compressed="false">https://raw.githubusercontent.com/jsergio123/zips/master/addons.xml</info>
            <checksum>https://raw.githubusercontent.com/jsergio123/zips/master/addons.xml.md5</checksum>
            <datadir zip="true">https://raw.githubusercontent.com/jsergio123/zips/master/</datadir>
        </dir>
        <info compressed="true">http://phantom-kodi.cba.pl/repo/prod/addons.xml</info>
		<checksum>http://phantom-kodi.cba.pl/repo/prod/addons.xml.md5</checksum>
		<datadir zip="true">http://phantom-kodi.cba.pl/repo/prod/</datadir>
	</extension>
	<extension point="xbmc.addon.metadata">
		<summary>Repozytorium wtyczek Phantom</summary>
        <description>Repozytorium wtyczek Phantom</description>
		<platform>all</platform>
	</extension>
</addon>