<?xml version="1.0" encoding="UTF-8"?>
<addon id="plugin.video.animeon"
version="2019.05.26.0"
name="Animeon.pl"
provider-name="-">
<requires>
  <import addon="xbmc.python" version="2.25.0"/>
  <import addon="script.module.ptw" />
  <import addon="script.module.resolveurl" />
  <import addon="script.module.requests"/>
  <import addon="script.module.future"/>
</requires>
<extension point="xbmc.python.pluginsource" library="main.py">
  <provides>video</provides>
</extension>
<extension point="xbmc.addon.metadata">
  <summary lang="en">Animeon Plugin Wideo</summary>
  <description lang="en_GB">Plugin z anime</description>
  <disclaimer lang="en_GB">Wszelkie treści multimedialne są własnością animeon.pl. Wtyczka tworzona na potrzeby prywatne.</disclaimer>
  <assets>
    <icon>icon.png</icon>
    <fanart>fanart.jpg</fanart>
  </assets>
  <news>fix</news>
</extension>
</addon>