<?xml version="1.0" encoding="UTF-8"?>
<addon id="plugin.video.exsite"
version="2018.12.08.0"
name="ExSite"
provider-name="">
<requires>
  <import addon="xbmc.python" version="2.25.0"/>
  <import addon="script.module.resolveurl" />
  <import addon="script.module.requests"/>
</requires>
<extension point="xbmc.python.pluginsource" library="main.py">
  <provides>video</provides>
</extension>
<extension point="xbmc.addon.metadata">
  <summary lang="en">ExSite plugin wideo</summary>
  <description lang="en_GB"></description>
  <disclaimer lang="en_GB">Wszelkie treści multimedialne są własnością ExSite. Wtyczka tworzona na potrzeby prywatne.</disclaimer>
  <assets>
    <icon>icon.png</icon>
    <fanart>fanart.jpg</fanart>
  </assets>
</extension>
</addon>