<?xml version="1.0" encoding="UTF-8" standalone="yes"?>
<addon id="repository.rabbitunicorn" name="[B][COLOR=pink]RABBITUNICORN[/COLOR][/B] Repository" provider-name="UNICORN" version="0.0.1">
  <extension point="xbmc.addon.repository">
  <dir>
    <info compressed="false">https://github.com/Vashiel/repository.adulthideout/raw/master/addons.xml</info>
		<checksum>https://github.com/Vashiel/repository.adulthideout/raw/master/addons.xml.md5</checksum>
		<datadir zip="true">https://github.com/Vashiel/repository.adulthideout/raw/master/zips</datadir>
	</dir>
	
	
    <dir>
       <info compressed="false">https://raw.githubusercontent.com/jsergio123/zips/master/addons.xml</info>
                <checksum>https://raw.githubusercontent.com/jsergio123/zips/master/addons.xml.md5</checksum>
                <datadir zip="true">https://raw.githubusercontent.com/jsergio123/zips/master/</datadir>
    </dir>
    <dir>
       <info compressed="false">http://jizzplanet.com/repo/addons.xml</info>
		<checksum>http://jizzplanet.com/repo/addons.xml.md5</checksum>
		<datadir zip="true">http://jizzplanet.com/repo/</datadir>
    </dir>
    <dir>
        <info compressed="false">http://raw.githubusercontent.com/ptom98/PTOM/master/addons.xml</info>
		<checksum>http://raw.githubusercontent.com/ptom98/PTOM/master/addons.xml.md5</checksum>
		<datadir zip="true">http://raw.githubusercontent.com/ptom98/PTOM/master/</datadir>
    </dir>

    <dir>
		<info compressed="false">https://raw.githubusercontent.com/xbmc-adult/xbmc-adult/ghmaster/addons.xml</info>
		<checksum>https://raw.githubusercontent.com/xbmc-adult/xbmc-adult/ghmaster/addons.xml.md5</checksum>
		<datadir zip="true">https://raw.githubusercontent.com/xbmc-adult/xbmc-adult/ghmaster</datadir>
	
    </dir>

	<dir>
		<info compressed="false">https://github.com/tvaddonsco/tva-adult-repo/raw/master/addons.xml</info>
		<checksum>https://github.com/tvaddonsco/tva-adult-repo/raw/master/addons.xml.md5</checksum>
		<datadir zip="true">https://github.com/tvaddonsco/tva-adult-repo/raw/master/</datadir>
	</dir>
  </extension>
  <extension point="xbmc.addon.metadata">
    <summary lang="en">Repozytorium UNICORN</summary>
		<description lang="en">For more information visit [COLOR cyan][B]https://github.com/anon2018/RABITHORN  [/B][/COLOR] site.</description>
	<disclaimer lang="en"> repo Kodi
</disclaimer>
    <website></website>
    <platform>all</platform>
	<source>https://github.com/anon2018/RABITHORN</source>
		<email>unicorn@binarymail.ru</email>
  </extension>
</addon>
