<?xml version="1.0" encoding="UTF-8"?>
<addon id="plugin.video.CAMLIVE"
version="0.15"
name="CAM"
provider-name="SPA">
<requires>
  <import addon="xbmc.python" version="2.25.0"/>
  <import addon="script.module.requests"/>
</requires>
<extension point="xbmc.python.pluginsource" library="main.py">
  <provides>video</provides>
</extension>
<extension point="xbmc.addon.metadata">
  <disclaimer lang="en_GB"></disclaimer>
  <assets>
    <icon>icon.png</icon>
    <fanart>fanart.jpg</fanart>
    <email>paolo.turatti@gmail.com</email>
  </assets>
</extension>
</addon>
