<?xml version="1.0" encoding="UTF-8" standalone="yes"?>
<addon id="repository.filmkodi.com" name="Filmkodi.com repository - MRKNOW" version="3.0.1" provider-name="Mrknow">
	<extension point="xbmc.addon.repository" name="Filmkodi.com[ro] Kodi Add-on Repository">
		<info compressed="false">http://kodi.sharkbits.com/filmkodi/addons.xml</info>
		<checksum>http://kodi.sharkbits.com/filmkodi/addons.xml.md5</checksum>
		<datadir zip="true">http://kodi.sharkbits.com/filmkodi</datadir>
	</extension>
	<extension point="xbmc.addon.metadata">
		<summary lang="en">Install Add-ons  from filmkodi.com[ro]</summary>
		<summary lang="pl">Zainstaluj wtyczki z filmkodi.com[ro]</summary>
		<description lang="en">Add-ons from filmkodi.com[ro] (mrknow.pl) repository.</description>
		<description lang="pl">Wtyczki z nieoficjalnego, repozytorium polskiego filmkodi.com[ro] (mrknow.pl).</description>
		<disclaimer lang="en">Repository has non-comercial nature. Created by enthusiasts, acting in good faith.</disclaimer>
		<disclaimer lang="pl">Zawartość repozytorium ma charakter niekomercyjny, wtyczki tworzone przez pasjonatów.</disclaimer>
		<platform>all</platform>
	</extension>
</addon>
