<?xml version="1.0" encoding="UTF-8" standalone="yes"?>
<addon id="plugin.audio.mboxmusic"
       name="MBox Music"
       version="0.0.1"
       provider-name="MT">
  <requires>
    <import addon="xbmc.python" version="2.1.0"/>
    <import addon="script.module.requests"/>
  </requires>
  <extension point="xbmc.python.pluginsource"
            library="default.py">
        <provides>audio</provides>
  </extension>
  <extension point="xbmc.addon.metadata">
    <summary lang="en">Radio i muzyka dla MBoxa</summary>
    <language>en</language>
    <description lang="en">Radio i muzyka dla MBoxa</description>
     <platform>all</platform>
  </extension>
</addon>
