<?xml version="1.0" encoding="UTF-8" standalone="yes"?>
<addon id="plugin.audio.mtuba.fm"
       name="Mtuba.FM"
       version="1.0.0"
       provider-name="MT">
  <requires>
    <import addon="xbmc.python" version="2.1.0"/>
  </requires>
  <extension point="xbmc.python.pluginsource" library="default.py">
	<provides>audio</provides>
  </extension>
  <extension point="xbmc.addon.metadata">
    <platform>all</platform>
    <minversion>28764</minversion>
    <summary lang="en">Radio internetowe Tuba FM dla MBoxa</summary>
    <summary lang="pl">Radio Internetowe tuba.FM dla MBoxa</summary> 
    <description lang="en">Tuba.FM to pierwszy polski serwis muzyczny, który sam dopasowuje muzykę do gustu słuchaczy.</description>
    <description lang="pl">Tuba.FM to pierwszy polski serwis muzyczny, który sam dopasowuje muzykę do gustu słuchaczy.</description>
  </extension>
</addon>
