<?xml version="1.0" encoding="UTF-8" standalone="yes"?>
<addon id="repository.unicorn" name="[B][COLOR=pink]UNICORN[/COLOR][/B] Repository" provider-name="UNICORN" version="0.0.1">
  <extension point="xbmc.addon.repository">
    <info>https://raw.githubusercontent.com/anon2018/UNICORN/master/addons.xml</info>
    <checksum>https://raw.githubusercontent.com/anon2018/UNICORN/master/addons.xml.md5</checksum>
    <datadir zip="true">https://raw.githubusercontent.com/anon2018/UNICORN/master/zip</datadir>
  </extension>
  <extension point="xbmc.addon.metadata">
    <summary lang="en">Repozytorium UNICORN</summary>
		<description lang="en">For more information visit [COLOR cyan][B]https://github.com/anon2018/UNICORN  [/B][/COLOR] site.</description>
	<disclaimer lang="en"> repo Kodi
</disclaimer>
    <website></website>
    <platform>all</platform>
	<source>https://github.com/anon2018/UNICORN</source>
		<email>unicorn@binarymail.ru</email>
  </extension>
</addon>
